Workbook

Sheet 统计
A1: 指标 | B1: 数值
A2: 节点数 | B2: =COUNTA('节点表_v0.2'!$A$2:$A$248)
A3: 原始关系数 | B3: =COUNTIF('关系表_v0.2'!$D$2:$D$954,"CONTAINS")+COUNTIF('关系表_v0.2'!$D$2:$D$954,"BELONGS_TO_COURSE")+COUNTIF('关系表_v0.2'!$D$2:$D$954,"BELONGS_TO_TOPIC")
A4: 新增语义关系数 | B4: =B5-B3
A5: 关系总数 | B5: =COUNTA('关系表_v0.2'!$A$2:$A$954)
A6: 关系数_BELONGS_TO_COURSE | B6: =COUNTIF('关系表_v0.2'!$D$2:$D$954,"BELONGS_TO_COURSE")
A7: 关系数_BELONGS_TO_TOPIC | B7: =COUNTIF('关系表_v0.2'!$D$2:$D$954,"BELONGS_TO_TOPIC")
A8: 关系数_CONTAINS | B8: =COUNTIF('关系表_v0.2'!$D$2:$D$954,"CONTAINS")
A9: 关系数_IS_A | B9: =COUNTIF('关系表_v0.2'!$D$2:$D$954,"IS_A")
A10: 关系数_PREREQUISITE_OF | B10: =COUNTIF('关系表_v0.2'!$D$2:$D$954,"PREREQUISITE_OF")
A11: 关系数_HAS_PROPERTY | B11: =COUNTIF('关系表_v0.2'!$D$2:$D$954,"HAS_PROPERTY")
A12: 关系数_HAS_OPERATION | B12: =COUNTIF('关系表_v0.2'!$D$2:$D$954,"HAS_OPERATION")
A13: 关系数_IMPLEMENTED_BY | B13: =COUNTIF('关系表_v0.2'!$D$2:$D$954,"IMPLEMENTED_BY")
A14: 关系数_USES | B14: =COUNTIF('关系表_v0.2'!$D$2:$D$954,"USES")
A15: 关系数_APPLIED_IN | B15: =COUNTIF('关系表_v0.2'!$D$2:$D$954,"APPLIED_IN")
A16: 关系数_SOLVES | B16: =COUNTIF('关系表_v0.2'!$D$2:$D$954,"SOLVES")
A17: 关系数_ENSURES | B17: =COUNTIF('关系表_v0.2'!$D$2:$D$954,"ENSURES")
A18: 关系数_CAUSES | B18: =COUNTIF('关系表_v0.2'!$D$2:$D$954,"CAUSES")
A19: 关系数_OPTIMIZES | B19: =COUNTIF('关系表_v0.2'!$D$2:$D$954,"OPTIMIZES")
A20: 关系数_EVALUATED_BY | B20: =COUNTIF('关系表_v0.2'!$D$2:$D$954,"EVALUATED_BY")
A21: 关系数_COMPARE_WITH | B21: =COUNTIF('关系表_v0.2'!$D$2:$D$954,"COMPARE_WITH")
A22: 关系数_CONFUSED_WITH | B22: =COUNTIF('关系表_v0.2'!$D$2:$D$954,"CONFUSED_WITH")
A23: 关系数_ILLUSTRATED_BY | B23: =COUNTIF('关系表_v0.2'!$D$2:$D$954,"ILLUSTRATED_BY")

Sheet 节点表_v0.2
A1: node_id | B1: name | C1: entity_type | D1: course | E1: topic | F1: definition | G1: alias | H1: difficulty | I1: importance | J1: source | K1: source_section | L1: book_page | M1: evidence_text
A2: CN_CRS_001 | B2: 计算机网络 | C2: Course | D2: 计算机网络 | F2: 由分散自治的计算机系统经通信设备和线路互连，并依靠协议实现资源共享与信息传递的系统。 | G2: 计网,网络,Computer Network | H2: 3 | I2: 5 | J2: 王道2027计网，内容简介，PDF页2 | K2: 内容简介 | L2: 2 | M2: 教材内容简介说明本书包括网络体系结构、物理层、数据链路层、网络层、传输层、应用层等内容；本节点概括为：由分散自治的计算机系统经通信设备和线路互连，并依靠协议实现资源共享与信息传递的系统。
A3: CN_TOP_001 | B3: 第1章 计算机网络体系结构 | C3: Topic | D3: 计算机网络 | E3: 第1章 计算机网络体系结构 | F3: 建立计算机网络概念、组成、交换方式、性能指标、分层结构与参考模型的基础认识。 | H3: 3 | I3: 5 | J3: 王道2027计网，第1章 计算机网络体系结构，教材p1（PDF页12） | K3: 第1章 计算机网络体系结构 | L3: 1 | M3: 教材在“第1章 计算机网络体系结构”中出现或讲解“第1章 计算机网络体系结构”；本节点概括为：建立计算机网络概念、组成、交换方式、性能指标、分层结构与参考模型的基础认识。
A4: CN_TOP_002 | B4: 计算机网络概述 | C4: Topic | D4: 计算机网络 | E4: 第1章 计算机网络体系结构 | F4: 从整体上介绍计算机网络概述的基本对象、作用、结构和常见考点。 | H4: 3 | I4: 4 | J4: 王道2027计网，计算机网络概述，教材p1（PDF页12） | K4: 计算机网络概述 | L4: 1 | M4: 教材在“计算机网络概述”中出现或讲解“计算机网络概述”；本节点概括为：从整体上介绍计算机网络概述的基本对象、作用、结构和常见考点。
A5: CN_TOP_003 | B5: 计算机网络的概念 | C5: Concept | D5: 计算机网络 | E5: 第1章 计算机网络体系结构 | F5: 说明网络、互连网、互联网、ISP等基本术语及计算机网络的基本定义。 | H5: 2 | I5: 4 | J5: 王道2027计网，计算机网络的概念，教材p1（PDF页12） | K5: 计算机网络的概念 | L5: 1 | M5: 教材在“计算机网络的概念”中出现或讲解“计算机网络的概念”；本节点概括为：说明网络、互连网、互联网、ISP等基本术语及计算机网络的基本定义。
A6: CN_TOP_004 | B6: 计算机网络的组成 | C6: Concept | D6: 计算机网络 | E6: 第1章 计算机网络体系结构 | F6: 从组成部分、工作方式和功能组成三个角度说明网络硬件、软件、协议、边缘/核心和通信/资源子网。 | H6: 2 | I6: 4 | J6: 王道2027计网，计算机网络的组成，教材p2（PDF页13） | K6: 计算机网络的组成 | L6: 2 | M6: 教材在“计算机网络的组成”中出现或讲解“计算机网络的组成”；本节点概括为：从组成部分、工作方式和功能组成三个角度说明网络硬件、软件、协议、边缘/核心和通信/资源子网。
A7: CN_TOP_005 | B7: 计算机网络的功能 | C7: Concept | D7: 计算机网络 | E7: 第1章 计算机网络体系结构 | F7: 概括数据通信、资源共享、分布式处理、可靠性提升和负载均衡等网络作用。 | H7: 2 | I7: 4 | J7: 王道2027计网，计算机网络的功能，教材p2（PDF页13） | K7: 计算机网络的功能 | L7: 2 | M7: 教材在“计算机网络的功能”中出现或讲解“计算机网络的功能”；本节点概括为：概括数据通信、资源共享、分布式处理、可靠性提升和负载均衡等网络作用。
A8: CN_TOP_006 | B8: 数据通信 | C8: Concept | D8: 计算机网络 | E8: 第1章 计算机网络体系结构 | F8: 属于“计算机网络的功能”下的核心知识点，用于理解第1章 计算机网络体系结构中的相关原理和考点。 | H8: 3 | I8: 4 | J8: 王道2027计网，数据通信，教材p2（PDF页13） | K8: 数据通信 | L8: 2 | M8: 教材在“数据通信”中出现或讲解“数据通信”；本节点概括为：属于“计算机网络的功能”下的核心知识点，用于理解第1章 计算机网络体系结构中的相关原理和考点。
A9: CN_TOP_007 | B9: 资源共享 | C9: Concept | D9: 计算机网络 | E9: 第1章 计算机网络体系结构 | F9: 属于“计算机网络的功能”下的核心知识点，用于理解第1章 计算机网络体系结构中的相关原理和考点。 | H9: 3 | I9: 4 | J9: 王道2027计网，资源共享，教材p2（PDF页13） | K9: 资源共享 | L9: 2 | M9: 教材在“资源共享”中出现或讲解“资源共享”；本节点概括为：属于“计算机网络的功能”下的核心知识点，用于理解第1章 计算机网络体系结构中的相关原理和考点。
A10: CN_TOP_008 | B10: 分布式处理 | C10: Concept | D10: 计算机网络 | E10: 第1章 计算机网络体系结构 | F10: 属于“计算机网络的功能”下的核心知识点，用于理解第1章 计算机网络体系结构中的相关原理和考点。 | H10: 3 | I10: 4 | J10: 王道2027计网，分布式处理，教材p2（PDF页13） | K10: 分布式处理 | L10: 2 | M10: 教材在“分布式处理”中出现或讲解“分布式处理”；本节点概括为：属于“计算机网络的功能”下的核心知识点，用于理解第1章 计算机网络体系结构中的相关原理和考点。
A11: CN_TOP_009 | B11: 提高可靠性 | C11: Concept | D11: 计算机网络 | E11: 第1章 计算机网络体系结构 | F11: 属于“计算机网络的功能”下的核心知识点，用于理解第1章 计算机网络体系结构中的相关原理和考点。 | H11: 4 | I11: 4 | J11: 王道2027计网，提高可靠性，教材p2（PDF页13） | K11: 提高可靠性 | L11: 2 | M11: 教材在“提高可靠性”中出现或讲解“提高可靠性”；本节点概括为：属于“计算机网络的功能”下的核心知识点，用于理解第1章 计算机网络体系结构中的相关原理和考点。
A12: CN_TOP_010 | B12: 负载均衡 | C12: Concept | D12: 计算机网络 | E12: 第1章 计算机网络体系结构 | F12: 属于“计算机网络的功能”下的核心知识点，用于理解第1章 计算机网络体系结构中的相关原理和考点。 | H12: 3 | I12: 4 | J12: 王道2027计网，负载均衡，教材p3（PDF页14） | K12: 负载均衡 | L12: 3 | M12: 教材在“负载均衡”中出现或讲解“负载均衡”；本节点概括为：属于“计算机网络的功能”下的核心知识点，用于理解第1章 计算机网络体系结构中的相关原理和考点。
A13: CN_TOP_011 | B13: 电路交换、报文交换与分组交换 | C13: DataStructure | D13: 计算机网络 | E13: 第1章 计算机网络体系结构 | F13: 描述电路交换、报文交换与分组交换的数据组织方式、字段含义或标识作用。 | H13: 3 | I13: 5 | J13: 王道2027计网，电路交换、报文交换与分组交换，教材p3（PDF页14） | K13: 电路交换、报文交换与分组交换 | L13: 3 | M13: 教材在“电路交换、报文交换与分组交换”中出现或讲解“电路交换、报文交换与分组交换”；本节点概括为：描述电路交换、报文交换与分组交换的数据组织方式、字段含义或标识作用。
A14: CN_TOP_012 | B14: 电路交换 | C14: Mechanism | D14: 计算机网络 | E14: 第1章 计算机网络体系结构 | F14: 通信前建立端到端专用物理通路，通信期间独占线路，适合连续、大量、实时的数据传输。 | H14: 3 | I14: 4 | J14: 王道2027计网，电路交换，教材p3（PDF页14） | K14: 电路交换 | L14: 3 | M14: 教材在“电路交换”中出现或讲解“电路交换”；本节点概括为：通信前建立端到端专用物理通路，通信期间独占线路，适合连续、大量、实时的数据传输。
... A30: CN_TOP_028 | B30: OSI参考模型和TCP/IP模型 | C30: Model | D30: 计算机网络 | E30: 第1章 计算机网络体系结构 | F30: 对比七层OSI参考模型和四/五层TCP/IP模型，说明各层功能及协议体系。 | H30: 4 | I30: 5 | J30: 王道2027计网，OSI参考模型和TCP/IP模型，教材p17（PDF页28） | K30: OSI参考模型和TCP/IP模型 | L30: 17 | M30: 教材在“OSI参考模型和TCP/IP模型”中出现或讲解“OSI参考模型和TCP/IP模型”；本节点概括为：对比七层OSI参考模型和四/五层TCP/IP模型，说明各层功能及协议体系。
A31: CN_TOP_029 | B31: OSI参考模型 | C31: Model | D31: 计算机网络 | E31: 第1章 计算机网络体系结构 | F31: 用于抽象描述OSI参考模型的组成层次、交互关系或工作方式。 | G31: ISO/OSI模型, OSI七层模型 | H31: 3 | I31: 5 | J31: 王道2027计网，OSI参考模型，教材p17（PDF页28） | K31: OSI参考模型 | L31: 17 | M31: 教材在“OSI参考模型”中出现或讲解“OSI参考模型”；本节点概括为：用于抽象描述OSI参考模型的组成层次、交互关系或工作方式。
A32: CN_TOP_030 | B32: TCP/IP模型 | C32: Model | D32: 计算机网络 | E32: 第1章 计算机网络体系结构 | F32: 用于抽象描述TCP/IP模型的组成层次、交互关系或工作方式。 | G32: TCP/IP参考模型, Internet协议栈 | H32: 4 | I32: 5 | J32: 王道2027计网，TCP/IP模型，教材p20（PDF页31） | K32: TCP/IP模型 | L32: 20 | M32: 教材在“TCP/IP模型”中出现或讲解“TCP/IP模型”；本节点概括为：用于抽象描述TCP/IP模型的组成层次、交互关系或工作方式。
A33: CN_TOP_031 | B33: TCP/IP模型与OSI参考模型的比较 | C33: Model | D33: 计算机网络 | E33: 第1章 计算机网络体系结构 | F33: 用于抽象描述TCP/IP模型与OSI参考模型的比较的组成层次、交互关系或工作方式。 | H33: 4 | I33: 5 | J33: 王道2027计网，TCP/IP模型与OSI参考模型的比较，教材p21（PDF页32） | K33: TCP/IP模型与OSI参考模型的比较 | L33: 21 | M33: 教材在“TCP/IP模型与OSI参考模型的比较”中出现或讲解“TCP/IP模型与OSI参考模型的比较”；本节点概括为：用于抽象描述TCP/IP模型与OSI参考模型的比较的组成层次、交互关系或工作方式。
A34: CN_TOP_032 | B34: 第2章 物理层 | C34: Topic | D34: 计算机网络 | E34: 第2章 物理层 | F34: 研究比特在物理介质上的传输，包括信道容量、编码调制、传输介质和物理层设备。 | H34: 3 | I34: 5 | J34: 王道2027计网，第2章 物理层，教材p30（PDF页41） | K34: 第2章 物理层 | L34: 30 | M34: 教材在“第2章 物理层”中出现或讲解“第2章 物理层”；本节点概括为：研究比特在物理介质上的传输，包括信道容量、编码调制、传输介质和物理层设备。
A35: CN_TOP_033 | B35: 通信基础 | C35: Topic | D35: 计算机网络 | E35: 第2章 物理层 | F35: 属于“第2章 物理层”下的核心知识点，用于理解第2章 物理层中的相关原理和考点。 | H35: 3 | I35: 4 | J35: 王道2027计网，通信基础，教材p30（PDF页41） | K35: 通信基础 | L35: 30 | M35: 教材在“通信基础”中出现或讲解“通信基础”；本节点概括为：属于“第2章 物理层”下的核心知识点，用于理解第2章 物理层中的相关原理和考点。
A36: CN_TOP_034 | B36: 通信基础：基本概念 | C36: Concept | D36: 计算机网络 | E36: 第2章 物理层 | F36: 梳理通信基础：基本概念涉及的基础术语、组成对象和相互关系。 | H36: 2 | I36: 4 | J36: 王道2027计网，通信基础：基本概念，教材p30（PDF页41） | K36: 通信基础：基本概念 | L36: 30 | M36: 教材在“通信基础：基本概念”中出现或讲解“通信基础：基本概念”；本节点概括为：梳理通信基础：基本概念涉及的基础术语、组成对象和相互关系。
A37: CN_TOP_035 | B37: 数据、信号与码元 | C37: DataStructure | D37: 计算机网络 | E37: 第2章 物理层 | F37: 属于“通信基础：基本概念”下的核心知识点，用于理解第2章 物理层中的相关原理和考点。 | H37: 3 | I37: 4 | J37: 王道2027计网，数据、信号与码元，教材p30（PDF页41） | K37: 数据、信号与码元 | L37: 30 | M37: 教材在“数据、信号与码元”中出现或讲解“数据、信号与码元”；本节点概括为：属于“通信基础：基本概念”下的核心知识点，用于理解第2章 物理层中的相关原理和考点。
A38: CN_TOP_036 | B38: 信源、信道与信宿 | C38: Concept | D38: 计算机网络 | E38: 第2章 物理层 | F38: 属于“通信基础：基本概念”下的核心知识点，用于理解第2章 物理层中的相关原理和考点。 | H38: 3 | I38: 4 | J38: 王道2027计网，信源、信道与信宿，教材p30（PDF页41） | K38: 信源、信道与信宿 | L38: 30 | M38: 教材在“信源、信道与信宿”中出现或讲解“信源、信道与信宿”；本节点概括为：属于“通信基础：基本概念”下的核心知识点，用于理解第2章 物理层中的相关原理和考点。
A39: CN_TOP_037 | B39: 速率、波特与带宽 | C39: Metric | D39: 计算机网络 | E39: 第2章 物理层 | F39: 属于“通信基础：基本概念”下的核心知识点，用于理解第2章 物理层中的相关原理和考点。 | H39: 3 | I39: 4 | J39: 王道2027计网，速率、波特与带宽，教材p31（PDF页42） | K39: 速率、波特与带宽 | L39: 31 | M39: 教材在“速率、波特与带宽”中出现或讲解“速率、波特与带宽”；本节点概括为：属于“通信基础：基本概念”下的核心知识点，用于理解第2章 物理层中的相关原理和考点。
A40: CN_TOP_038 | B40: 信道的极限容量 | C40: Metric | D40: 计算机网络 | E40: 第2章 物理层 | F40: 属于“通信基础”下的核心知识点，用于理解第2章 物理层中的相关原理和考点。 | H40: 5 | I40: 4 | J40: 王道2027计网，信道的极限容量，教材p31（PDF页42） | K40: 信道的极限容量 | L40: 31 | M40: 教材在“信道的极限容量”中出现或讲解“信道的极限容量”；本节点概括为：属于“通信基础”下的核心知识点，用于理解第2章 物理层中的相关原理和考点。
A41: CN_TOP_039 | B41: 奈奎斯特定理（奈氏准则） | C41: Algorithm | D41: 计算机网络 | E41: 第2章 物理层 | F41: 属于“信道的极限容量”下的核心知识点，用于理解第2章 物理层中的相关原理和考点。 | H41: 3 | I41: 4 | J41: 王道2027计网，奈奎斯特定理（奈氏准则），教材p32（PDF页43） | K41: 奈奎斯特定理（奈氏准则） | L41: 32 | M41: 教材在“奈奎斯特定理（奈氏准则）”中出现或讲解“奈奎斯特定理（奈氏准则）”；本节点概括为：属于“信道的极限容量”下的核心知识点，用于理解第2章 物理层中的相关原理和考点。
A42: CN_TOP_040 | B42: 香农定理 | C42: Algorithm | D42: 计算机网络 | E42: 第2章 物理层 | F42: 描述有噪声信道在给定带宽和信噪比条件下的极限信息传输速率。 | G42: Shannon theorem | H42: 3 | I42: 4 | J42: 王道2027计网，香农定理，教材p32（PDF页43） | K42: 香农定理 | L42: 32 | M42: 教材在“香农定理”中出现或讲解“香农定理”；本节点概括为：描述有噪声信道在给定带宽和信噪比条件下的极限信息传输速率。
A43: CN_TOP_041 | B43: 编码与调制 | C43: Mechanism | D43: 计算机网络 | E43: 第2章 物理层 | F43: 研究数据与信号之间的变换，包括数字编码、模拟编码和调制方式。 | H43: 4 | I43: 4 | J43: 王道2027计网，编码与调制，教材p33（PDF页44） | K43: 编码与调制 | L43: 33 | M43: 教材在“编码与调制”中出现或讲解“编码与调制”；本节点概括为：研究数据与信号之间的变换，包括数字编码、模拟编码和调制方式。
A44: CN_TOP_042 | B44: 数字数据编码为数字信号 | C44: DataStructure | D44: 计算机网络 | E44: 第2章 物理层 | F44: 说明数字数据编码为数字信号的基本原理、处理流程和适用场景。 | H44: 4 | I44: 4 | J44: 王道2027计网，数字数据编码为数字信号，教材p33（PDF页44） | K44: 数字数据编码为数字信号 | L44: 33 | M44: 教材在“数字数据编码为数字信号”中出现或讲解“数字数据编码为数字信号”；本节点概括为：说明数字数据编码为数字信号的基本原理、处理流程和适用场景。
A45: CN_TOP_043 | B45: 模拟数据编码为数字信号 | C45: DataStructure | D45: 计算机网络 | E45: 第2章 物理层 | F45: 说明模拟数据编码为数字信号的基本原理、处理流程和适用场景。 | H45: 4 | I45: 4 | J45: 王道2027计网，模拟数据编码为数字信号，教材p34（PDF页45） | K45: 模拟数据编码为数字信号 | L45: 34 | M45: 教材在“模拟数据编码为数字信号”中出现或讲解“模拟数据编码为数字信号”；本节点概括为：说明模拟数据编码为数字信号的基本原理、处理流程和适用场景。
A46: CN_TOP_044 | B46: 数字数据调制为模拟信号 | C46: DataStructure | D46: 计算机网络 | E46: 第2章 物理层 | F46: 说明数字数据调制为模拟信号的基本原理、处理流程和适用场景。 | H46: 4 | I46: 4 | J46: 王道2027计网，数字数据调制为模拟信号，教材p34（PDF页45） | K46: 数字数据调制为模拟信号 | L46: 34 | M46: 教材在“数字数据调制为模拟信号”中出现或讲解“数字数据调制为模拟信号”；本节点概括为：说明数字数据调制为模拟信号的基本原理、处理流程和适用场景。
A47: CN_TOP_045 | B47: 模拟数据直接传输为模拟信号 | C47: DataStructure | D47: 计算机网络 | E47: 第2章 物理层 | F47: 属于“编码与调制”下的核心知识点，用于理解第2章 物理层中的相关原理和考点。 | H47: 3 | I47: 4 | J47: 王道2027计网，模拟数据直接传输为模拟信号，教材p35（PDF页46） | K47: 模拟数据直接传输为模拟信号 | L47: 35 | M47: 教材在“模拟数据直接传输为模拟信号”中出现或讲解“模拟数据直接传输为模拟信号”；本节点概括为：属于“编码与调制”下的核心知识点，用于理解第2章 物理层中的相关原理和考点。
A48: CN_TOP_046 | B48: 传输介质 | C48: Topic | D48: 计算机网络 | E48: 第2章 物理层 | F48: 属于“第2章 物理层”下的核心知识点，用于理解第2章 物理层中的相关原理和考点。 | H48: 3 | I48: 4 | J48: 王道2027计网，传输介质，教材p42（PDF页53） | K48: 传输介质 | L48: 42 | M48: 教材在“传输介质”中出现或讲解“传输介质”；本节点概括为：属于“第2章 物理层”下的核心知识点，用于理解第2章 物理层中的相关原理和考点。
A49: CN_TOP_047 | B49: 双绞线、同轴电缆、光纤与无线传输介质 | C49: ComputingObject | D49: 计算机网络 | E49: 第2章 物理层 | F49: 属于“传输介质”下的核心知识点，用于理解第2章 物理层中的相关原理和考点。 | H49: 3 | I49: 4 | J49: 王道2027计网，双绞线、同轴电缆、光纤与无线传输介质，教材p42（PDF页53） | K49: 双绞线、同轴电缆、光纤与无线传输介质 | L49: 42 | M49: 教材在“双绞线、同轴电缆、光纤与无线传输介质”中出现或讲解“双绞线、同轴电缆、光纤与无线传输介质”；本节点概括为：属于“传输介质”下的核心知识点，用于理解第2章 物理层中的相关原理和考点。
A50: CN_TOP_048 | B50: 双绞线 | C50: ComputingObject | D50: 计算机网络 | E50: 第2章 物理层 | F50: 由两根绝缘铜线绞合而成的有线传输介质，常用于以太网接入。 | H50: 3 | I50: 4 | J50: 王道2027计网，双绞线，教材p42（PDF页53） | K50: 双绞线 | L50: 42 | M50: 教材在“双绞线”中出现或讲解“双绞线”；本节点概括为：由两根绝缘铜线绞合而成的有线传输介质，常用于以太网接入。
A51: CN_TOP_049 | B51: 同轴电缆 | C51: ComputingObject | D51: 计算机网络 | E51: 第2章 物理层 | F51: 具有同心导体结构的有线介质，抗干扰能力较强。 | H51: 3 | I51: 4 | J51: 王道2027计网，同轴电缆，教材p42（PDF页53） | K51: 同轴电缆 | L51: 42 | M51: 教材在“同轴电缆”中出现或讲解“同轴电缆”；本节点概括为：具有同心导体结构的有线介质，抗干扰能力较强。
A52: CN_TOP_050 | B52: 光纤 | C52: ComputingObject | D52: 计算机网络 | E52: 第2章 物理层 | F52: 利用光信号传输数据的介质，具有带宽高、损耗低、抗电磁干扰强等特点。 | H52: 3 | I52: 4 | J52: 王道2027计网，光纤，教材p42（PDF页53） | K52: 光纤 | L52: 42 | M52: 教材在“光纤”中出现或讲解“光纤”；本节点概括为：利用光信号传输数据的介质，具有带宽高、损耗低、抗电磁干扰强等特点。
A53: CN_TOP_051 | B53: 无线传输介质 | C53: ComputingObject | D53: 计算机网络 | E53: 第2章 物理层 | F53: 利用电磁波在自由空间中传输数据的介质，包括无线电、微波和红外等。 | H53: 3 | I53: 4 | J53: 王道2027计网，无线传输介质，教材p43（PDF页54） | K53: 无线传输介质 | L53: 43 | M53: 教材在“无线传输介质”中出现或讲解“无线传输介质”；本节点概括为：利用电磁波在自由空间中传输数据的介质，包括无线电、微波和红外等。
A54: CN_TOP_052 | B54: 物理层接口的特性 | C54: Property | D54: 计算机网络 | E54: 第2章 物理层 | F54: 概括物理层接口的特性的主要性质、优势、限制和适用条件。 | H54: 3 | I54: 4 | J54: 王道2027计网，物理层接口的特性，教材p44（PDF页55） | K54: 物理层接口的特性 | L54: 44 | M54: 教材在“物理层接口的特性”中出现或讲解“物理层接口的特性”；本节点概括为：概括物理层接口的特性的主要性质、优势、限制和适用条件。
... A72: CN_TOP_070 | B72: 奇偶检验码 | C72: Concept | D72: 计算机网络 | E72: 第3章 数据链路层 | F72: 属于“检错编码”下的核心知识点，用于理解第3章 数据链路层中的相关原理和考点。 | H72: 3 | I72: 4 | J72: 王道2027计网，奇偶检验码，教材p57（PDF页68） | K72: 奇偶检验码 | L72: 57 | M72: 教材在“奇偶检验码”中出现或讲解“奇偶检验码”；本节点概括为：属于“检错编码”下的核心知识点，用于理解第3章 数据链路层中的相关原理和考点。
A73: CN_TOP_071 | B73: 循环冗余码 | C73: Concept | D73: 计算机网络 | E73: 第3章 数据链路层 | F73: 基于多项式除法的常用检错编码，能有效检测突发错误。 | G73: CRC | H73: 3 | I73: 4 | J73: 王道2027计网，循环冗余码，教材p57（PDF页68） | K73: 循环冗余码 | L73: 57 | M73: 教材在“循环冗余码”中出现或讲解“循环冗余码”；本节点概括为：基于多项式除法的常用检错编码，能有效检测突发错误。
A74: CN_TOP_072 | B74: 纠错编码 | C74: Mechanism | D74: 计算机网络 | E74: 第3章 数据链路层 | F74: 说明纠错编码的基本原理、处理流程和适用场景。 | H74: 4 | I74: 4 | J74: 王道2027计网，纠错编码，教材p58（PDF页69） | K74: 纠错编码 | L74: 58 | M74: 教材在“纠错编码”中出现或讲解“纠错编码”；本节点概括为：说明纠错编码的基本原理、处理流程和适用场景。
A75: CN_TOP_073 | B75: 流量控制与可靠传输机制 | C75: Topic | D75: 计算机网络 | E75: 第3章 数据链路层 | F75: 用于协调流量控制与可靠传输机制中的访问、差错、流量或拥塞问题。 | H75: 5 | I75: 4 | J75: 王道2027计网，流量控制与可靠传输机制，教材p61（PDF页72） | K75: 流量控制与可靠传输机制 | L75: 61 | M75: 教材在“流量控制与可靠传输机制”中出现或讲解“流量控制与可靠传输机制”；本节点概括为：用于协调流量控制与可靠传输机制中的访问、差错、流量或拥塞问题。
A76: CN_TOP_074 | B76: 流量控制与滑动窗口机制 | C76: DataStructure | D76: 计算机网络 | E76: 第3章 数据链路层 | F76: 用于协调流量控制与滑动窗口机制中的访问、差错、流量或拥塞问题。 | H76: 5 | I76: 4 | J76: 王道2027计网，流量控制与滑动窗口机制，教材p61（PDF页72） | K76: 流量控制与滑动窗口机制 | L76: 61 | M76: 教材在“流量控制与滑动窗口机制”中出现或讲解“流量控制与滑动窗口机制”；本节点概括为：用于协调流量控制与滑动窗口机制中的访问、差错、流量或拥塞问题。
A77: CN_TOP_075 | B77: 停止-等待流量控制基本原理 | C77: Mechanism | D77: 计算机网络 | E77: 第3章 数据链路层 | F77: 用于协调停止-等待流量控制基本原理中的访问、差错、流量或拥塞问题。 | H77: 4 | I77: 4 | J77: 王道2027计网，停止-等待流量控制基本原理，教材p62（PDF页73） | K77: 停止-等待流量控制基本原理 | L77: 62 | M77: 教材在“停止-等待流量控制基本原理”中出现或讲解“停止-等待流量控制基本原理”；本节点概括为：用于协调停止-等待流量控制基本原理中的访问、差错、流量或拥塞问题。
A78: CN_TOP_076 | B78: 滑动窗口流量控制基本原理 | C78: DataStructure | D78: 计算机网络 | E78: 第3章 数据链路层 | F78: 通过发送窗口和接收窗口限制未确认帧数量，实现连续发送和流量控制。 | H78: 5 | I78: 4 | J78: 王道2027计网，滑动窗口流量控制基本原理，教材p62（PDF页73） | K78: 滑动窗口流量控制基本原理 | L78: 62 | M78: 教材在“滑动窗口流量控制基本原理”中出现或讲解“滑动窗口流量控制基本原理”；本节点概括为：通过发送窗口和接收窗口限制未确认帧数量，实现连续发送和流量控制。
A79: CN_TOP_077 | B79: 可靠传输机制 | C79: Mechanism | D79: 计算机网络 | E79: 第3章 数据链路层 | F79: 属于“流量控制与可靠传输机制”下的核心知识点，用于理解第3章 数据链路层中的相关原理和考点。 | H79: 4 | I79: 4 | J79: 王道2027计网，可靠传输机制，教材p63（PDF页74） | K79: 可靠传输机制 | L79: 63 | M79: 教材在“可靠传输机制”中出现或讲解“可靠传输机制”；本节点概括为：属于“流量控制与可靠传输机制”下的核心知识点，用于理解第3章 数据链路层中的相关原理和考点。
A80: CN_TOP_078 | B80: 单帧滑动窗口与停止-等待协议（S-W） | C80: DataStructure | D80: 计算机网络 | E80: 第3章 数据链路层 | F80: 发送方每次只发送一帧，收到确认后再发送下一帧，实现简单但信道利用率较低。 | G80: 停止-等待协议, Stop-and-Wait, S-W | H80: 5 | I80: 4 | J80: 王道2027计网，单帧滑动窗口与停止-等待协议（S-W），教材p64（PDF页75） | K80: 单帧滑动窗口与停止-等待协议（S-W） | L80: 64 | M80: 教材在“单帧滑动窗口与停止-等待协议（S-W）”中出现或讲解“单帧滑动窗口与停止-等待协议（S-W）”；本节点概括为：发送方每次只发送一帧，收到确认后再发送下一帧，实现简单但信道利用率较低。
A81: CN_TOP_079 | B81: 多帧滑动窗口与后退N帧协议（GBN） | C81: DataStructure | D81: 计算机网络 | E81: 第3章 数据链路层 | F81: 发送方可连续发送多个帧，出错后从出错帧开始重传后续帧。 | G81: 后退N帧, Go-Back-N, GBN | H81: 5 | I81: 4 | J81: 王道2027计网，多帧滑动窗口与后退N帧协议（GBN），教材p64（PDF页75） | K81: 多帧滑动窗口与后退N帧协议（GBN） | L81: 64 | M81: 教材在“多帧滑动窗口与后退N帧协议（GBN）”中出现或讲解“多帧滑动窗口与后退N帧协议（GBN）”；本节点概括为：发送方可连续发送多个帧，出错后从出错帧开始重传后续帧。
A82: CN_TOP_080 | B82: 多帧滑动窗口与选择重传协议（SR） | C82: DataStructure | D82: 计算机网络 | E82: 第3章 数据链路层 | F82: 只重传出错或丢失的帧，接收方可缓存失序帧，提高传输效率。 | G82: 选择重传, Selective Repeat, SR | H82: 5 | I82: 4 | J82: 王道2027计网，多帧滑动窗口与选择重传协议（SR），教材p65（PDF页76） | K82: 多帧滑动窗口与选择重传协议（SR） | L82: 65 | M82: 教材在“多帧滑动窗口与选择重传协议（SR）”中出现或讲解“多帧滑动窗口与选择重传协议（SR）”；本节点概括为：只重传出错或丢失的帧，接收方可缓存失序帧，提高传输效率。
A83: CN_TOP_081 | B83: 信道利用率的分析 | C83: Metric | D83: 计算机网络 | E83: 第3章 数据链路层 | F83: 属于“可靠传输机制”下的核心知识点，用于理解第3章 数据链路层中的相关原理和考点。 | H83: 3 | I83: 4 | J83: 王道2027计网，信道利用率的分析，教材p66（PDF页77） | K83: 信道利用率的分析 | L83: 66 | M83: 教材在“信道利用率的分析”中出现或讲解“信道利用率的分析”；本节点概括为：属于“可靠传输机制”下的核心知识点，用于理解第3章 数据链路层中的相关原理和考点。
A84: CN_TOP_082 | B84: 介质访问控制 | C84: Topic | D84: 计算机网络 | E84: 第3章 数据链路层 | F84: 解决共享信道上多个节点竞争发送的问题，决定各节点如何获得发送权。 | H84: 5 | I84: 4 | J84: 王道2027计网，介质访问控制，教材p77（PDF页88） | K84: 介质访问控制 | L84: 77 | M84: 教材在“介质访问控制”中出现或讲解“介质访问控制”；本节点概括为：解决共享信道上多个节点竞争发送的问题，决定各节点如何获得发送权。
A85: CN_TOP_083 | B85: 信道划分介质访问控制 | C85: Mechanism | D85: 计算机网络 | E85: 第3章 数据链路层 | F85: 用于协调信道划分介质访问控制中的访问、差错、流量或拥塞问题。 | H85: 5 | I85: 4 | J85: 王道2027计网，信道划分介质访问控制，教材p78（PDF页89） | K85: 信道划分介质访问控制 | L85: 78 | M85: 教材在“信道划分介质访问控制”中出现或讲解“信道划分介质访问控制”；本节点概括为：用于协调信道划分介质访问控制中的访问、差错、流量或拥塞问题。
A86: CN_TOP_084 | B86: 时分复用（TDM） | C86: Mechanism | D86: 计算机网络 | E86: 第3章 数据链路层 | F86: 按时间片划分信道资源，使多个用户轮流使用同一物理信道。 | G86: TDM, Time Division Multiplexing | H86: 3 | I86: 4 | J86: 王道2027计网，时分复用（TDM），教材p78（PDF页89） | K86: 时分复用（TDM） | L86: 78 | M86: 教材在“时分复用（TDM）”中出现或讲解“时分复用（TDM）”；本节点概括为：按时间片划分信道资源，使多个用户轮流使用同一物理信道。
A87: CN_TOP_085 | B87: 频分复用（FDM） | C87: Mechanism | D87: 计算机网络 | E87: 第3章 数据链路层 | F87: 按频带划分信道资源，使多个用户同时使用不同频带传输。 | G87: FDM, Frequency Division Multiplexing | H87: 3 | I87: 4 | J87: 王道2027计网，频分复用（FDM），教材p79（PDF页90） | K87: 频分复用（FDM） | L87: 79 | M87: 教材在“频分复用（FDM）”中出现或讲解“频分复用（FDM）”；本节点概括为：按频带划分信道资源，使多个用户同时使用不同频带传输。
A88: CN_TOP_086 | B88: 波分复用（WDM） | C88: Mechanism | D88: 计算机网络 | E88: 第3章 数据链路层 | F88: 在光纤中按不同波长复用多路光信号。 | G88: WDM, Wavelength Division Multiplexing | H88: 3 | I88: 4 | J88: 王道2027计网，波分复用（WDM），教材p79（PDF页90） | K88: 波分复用（WDM） | L88: 79 | M88: 教材在“波分复用（WDM）”中出现或讲解“波分复用（WDM）”；本节点概括为：在光纤中按不同波长复用多路光信号。
A89: CN_TOP_087 | B89: 码分复用（CDM） | C89: Mechanism | D89: 计算机网络 | E89: 第3章 数据链路层 | F89: 利用不同码片序列区分用户，使多个用户可在同一频带同时传输。 | G89: CDM, CDMA | H89: 3 | I89: 4 | J89: 王道2027计网，码分复用（CDM），教材p79（PDF页90） | K89: 码分复用（CDM） | L89: 79 | M89: 教材在“码分复用（CDM）”中出现或讲解“码分复用（CDM）”；本节点概括为：利用不同码片序列区分用户，使多个用户可在同一频带同时传输。
A90: CN_TOP_088 | B90: 随机访问介质访问控制 | C90: Mechanism | D90: 计算机网络 | E90: 第3章 数据链路层 | F90: 用于协调随机访问介质访问控制中的访问、差错、流量或拥塞问题。 | H90: 5 | I90: 4 | J90: 王道2027计网，随机访问介质访问控制，教材p80（PDF页91） | K90: 随机访问介质访问控制 | L90: 80 | M90: 教材在“随机访问介质访问控制”中出现或讲解“随机访问介质访问控制”；本节点概括为：用于协调随机访问介质访问控制中的访问、差错、流量或拥塞问题。
A91: CN_TOP_089 | B91: ALOHA协议 | C91: Protocol | D91: 计算机网络 | E91: 第3章 数据链路层 | F91: 随机访问类协议，节点有数据即发送，冲突后随机等待再重传。 | H91: 3 | I91: 4 | J91: 王道2027计网，ALOHA协议，教材p81（PDF页92） | K91: ALOHA协议 | L91: 81 | M91: 教材在“ALOHA协议”中出现或讲解“ALOHA协议”；本节点概括为：随机访问类协议，节点有数据即发送，冲突后随机等待再重传。
A92: CN_TOP_090 | B92: CSMA协议 | C92: Protocol | D92: 计算机网络 | E92: 第3章 数据链路层 | F92: 发送前先监听信道，根据监听结果决定是否发送，以减少冲突概率。 | G92: 载波监听多路访问 | H92: 3 | I92: 4 | J92: 王道2027计网，CSMA协议，教材p82（PDF页93） | K92: CSMA协议 | L92: 82 | M92: 教材在“CSMA协议”中出现或讲解“CSMA协议”；本节点概括为：发送前先监听信道，根据监听结果决定是否发送，以减少冲突概率。
A93: CN_TOP_091 | B93: 轮询访问：令牌传递协议 | C93: Protocol | D93: 计算机网络 | E93: 第3章 数据链路层 | F93: 规定轮询访问：令牌传递协议相关通信实体之间的报文格式、交互过程和处理规则。 | H93: 3 | I93: 4 | J93: 王道2027计网，轮询访问：令牌传递协议，教材p82（PDF页93） | K93: 轮询访问：令牌传递协议 | L93: 82 | M93: 教材在“轮询访问：令牌传递协议”中出现或讲解“轮询访问：令牌传递协议”；本节点概括为：规定轮询访问：令牌传递协议相关通信实体之间的报文格式、交互过程和处理规则。
A94: CN_TOP_092 | B94: 局域网 | C94: Topic | D94: 计算机网络 | E94: 第3章 数据链路层 | F94: 属于“第3章 数据链路层”下的核心知识点，用于理解第3章 数据链路层中的相关原理和考点。 | H94: 3 | I94: 4 | J94: 王道2027计网，局域网，教材p87（PDF页98） | K94: 局域网 | L94: 87 | M94: 教材在“局域网”中出现或讲解“局域网”；本节点概括为：属于“第3章 数据链路层”下的核心知识点，用于理解第3章 数据链路层中的相关原理和考点。
A95: CN_TOP_093 | B95: 局域网的基本概念和体系结构 | C95: Concept | D95: 计算机网络 | E95: 第3章 数据链路层 | F95: 梳理局域网的基本概念和体系结构涉及的基础术语、组成对象和相互关系。 | H95: 2 | I95: 4 | J95: 王道2027计网，局域网的基本概念和体系结构，教材p87（PDF页98） | K95: 局域网的基本概念和体系结构 | L95: 87 | M95: 教材在“局域网的基本概念和体系结构”中出现或讲解“局域网的基本概念和体系结构”；本节点概括为：梳理局域网的基本概念和体系结构涉及的基础术语、组成对象和相互关系。
A96: CN_TOP_094 | B96: 以太网与IEEE 802.3 | C96: Concept | D96: 计算机网络 | E96: 第3章 数据链路层 | F96: 介绍以太网介质、MAC地址、CSMA/CD、MAC帧格式和高速以太网。 | G96: Ethernet, IEEE 802.3 | H96: 4 | I96: 5 | J96: 王道2027计网，以太网与IEEE 802.3，教材p88（PDF页99） | K96: 以太网与IEEE 802.3 | L96: 88 | M96: 教材在“以太网与IEEE 802.3”中出现或讲解“以太网与IEEE 802.3”；本节点概括为：介绍以太网介质、MAC地址、CSMA/CD、MAC帧格式和高速以太网。
A97: CN_TOP_095 | B97: 以太网的传输介质与网卡 | C97: ComputingObject | D97: 计算机网络 | E97: 第3章 数据链路层 | F97: 属于“以太网与IEEE 802.3”下的核心知识点，用于理解第3章 数据链路层中的相关原理和考点。 | H97: 4 | I97: 5 | J97: 王道2027计网，以太网的传输介质与网卡，教材p88（PDF页99） | K97: 以太网的传输介质与网卡 | L97: 88 | M97: 教材在“以太网的传输介质与网卡”中出现或讲解“以太网的传输介质与网卡”；本节点概括为：属于“以太网与IEEE 802.3”下的核心知识点，用于理解第3章 数据链路层中的相关原理和考点。
A98: CN_TOP_096 | B98: 以太网MAC地址 | C98: DataStructure | D98: 计算机网络 | E98: 第3章 数据链路层 | F98: 链路层硬件地址，用于在局域网中标识网卡接口。 | H98: 4 | I98: 5 | J98: 王道2027计网，以太网MAC地址，教材p89（PDF页100） | K98: 以太网MAC地址 | L98: 89 | M98: 教材在“以太网MAC地址”中出现或讲解“以太网MAC地址”；本节点概括为：链路层硬件地址，用于在局域网中标识网卡接口。
A99: CN_TOP_097 | B99: CSMA/CD协议 | C99: Protocol | D99: 计算机网络 | E99: 第3章 数据链路层 | F99: 载波监听多路访问/冲突检测协议，用于传统共享式以太网。 | G99: 载波监听多路访问/冲突检测 | H99: 5 | I99: 4 | J99: 王道2027计网，CSMA/CD协议，教材p89（PDF页100） | K99: CSMA/CD协议 | L99: 89 | M99: 教材在“CSMA/CD协议”中出现或讲解“CSMA/CD协议”；本节点概括为：载波监听多路访问/冲突检测协议，用于传统共享式以太网。
A100: CN_TOP_098 | B100: 以太网的MAC帧 | C100: DataStructure | D100: 计算机网络 | E100: 第3章 数据链路层 | F100: 以太网在数据链路层传输的数据单元，包含目的/源MAC地址、类型、数据和校验字段。 | H100: 4 | I100: 5 | J100: 王道2027计网，以太网的MAC帧，教材p91（PDF页102） | K100: 以太网的MAC帧 | L100: 91 | M100: 教材在“以太网的MAC帧”中出现或讲解“以太网的MAC帧”；本节点概括为：以太网在数据链路层传输的数据单元，包含目的/源MAC地址、类型、数据和校验字段。
A101: CN_TOP_099 | B101: 高速以太网 | C101: Concept | D101: 计算机网络 | E101: 第3章 数据链路层 | F101: 属于“以太网与IEEE 802.3”下的核心知识点，用于理解第3章 数据链路层中的相关原理和考点。 | H101: 4 | I101: 5 | J101: 王道2027计网，高速以太网，教材p92（PDF页103） | K101: 高速以太网 | L101: 92 | M101: 教材在“高速以太网”中出现或讲解“高速以太网”；本节点概括为：属于“以太网与IEEE 802.3”下的核心知识点，用于理解第3章 数据链路层中的相关原理和考点。
A102: CN_TOP_100 | B102: IEEE 802.11无线局域网 | C102: Concept | D102: 计算机网络 | E102: 第3章 数据链路层 | F102: 无线局域网标准，使用无线介质和CSMA/CA等机制完成数据链路层访问控制。 | G102: WLAN, Wi-Fi, IEEE 802.11 | H102: 3 | I102: 4 | J102: 王道2027计网，IEEE 802.11无线局域网，教材p93（PDF页104） | K102: IEEE 802.11无线局域网 | L102: 93 | M102: 教材在“IEEE 802.11无线局域网”中出现或讲解“IEEE 802.11无线局域网”；本节点概括为：无线局域网标准，使用无线介质和CSMA/CA等机制完成数据链路层访问控制。
A103: CN_TOP_101 | B103: 无线局域网的组成 | C103: Concept | D103: 计算机网络 | E103: 第3章 数据链路层 | F103: 属于“IEEE 802.11无线局域网”下的核心知识点，用于理解第3章 数据链路层中的相关原理和考点。 | H103: 2 | I103: 4 | J103: 王道2027计网，无线局域网的组成，教材p93（PDF页104） | K103: 无线局域网的组成 | L103: 93 | M103: 教材在“无线局域网的组成”中出现或讲解“无线局域网的组成”；本节点概括为：属于“IEEE 802.11无线局域网”下的核心知识点，用于理解第3章 数据链路层中的相关原理和考点。
A104: CN_TOP_102 | B104: CSMA/CA协议 | C104: Protocol | D104: 计算机网络 | E104: 第3章 数据链路层 | F104: 载波监听多路访问/冲突避免协议，用于无线局域网以降低碰撞影响。 | G104: 载波监听多路访问/冲突避免 | H104: 5 | I104: 4 | J104: 王道2027计网，CSMA/CA协议，教材p94（PDF页105） | K104: CSMA/CA协议 | L104: 94 | M104: 教材在“CSMA/CA协议”中出现或讲解“CSMA/CA协议”；本节点概括为：载波监听多路访问/冲突避免协议，用于无线局域网以降低碰撞影响。
A105: CN_TOP_103 | B105: 802.11局域网的MAC帧 | C105: DataStructure | D105: 计算机网络 | E105: 第3章 数据链路层 | F105: 描述802.11局域网的MAC帧的数据组织方式、字段含义或标识作用。 | H105: 3 | I105: 4 | J105: 王道2027计网，802.11局域网的MAC帧，教材p97（PDF页108） | K105: 802.11局域网的MAC帧 | L105: 97 | M105: 教材在“802.11局域网的MAC帧”中出现或讲解“802.11局域网的MAC帧”；本节点概括为：描述802.11局域网的MAC帧的数据组织方式、字段含义或标识作用。
A106: CN_TOP_104 | B106: VLAN基本概念与基本原理 | C106: Concept | D106: 计算机网络 | E106: 第3章 数据链路层 | F106: 通过逻辑划分把同一物理交换网络划分为多个广播域，提高管理性和隔离性。 | G106: VLAN, 虚拟局域网 | H106: 4 | I106: 4 | J106: 王道2027计网，VLAN基本概念与基本原理，教材p99（PDF页110） | K106: VLAN基本概念与基本原理 | L106: 99 | M106: 教材在“VLAN基本概念与基本原理”中出现或讲解“VLAN基本概念与基本原理”；本节点概括为：通过逻辑划分把同一物理交换网络划分为多个广播域，提高管理性和隔离性。
A107: CN_TOP_105 | B107: 广域网 | C107: Topic | D107: 计算机网络 | E107: 第3章 数据链路层 | F107: 属于“第3章 数据链路层”下的核心知识点，用于理解第3章 数据链路层中的相关原理和考点。 | H107: 3 | I107: 4 | J107: 王道2027计网，广域网，教材p113（PDF页124） | K107: 广域网 | L107: 113 | M107: 教材在“广域网”中出现或讲解“广域网”；本节点概括为：属于“第3章 数据链路层”下的核心知识点，用于理解第3章 数据链路层中的相关原理和考点。
A108: CN_TOP_106 | B108: 广域网的基本概念 | C108: Concept | D108: 计算机网络 | E108: 第3章 数据链路层 | F108: 梳理广域网的基本概念涉及的基础术语、组成对象和相互关系。 | H108: 2 | I108: 4 | J108: 王道2027计网，广域网的基本概念，教材p113（PDF页124） | K108: 广域网的基本概念 | L108: 113 | M108: 教材在“广域网的基本概念”中出现或讲解“广域网的基本概念”；本节点概括为：梳理广域网的基本概念涉及的基础术语、组成对象和相互关系。
A109: CN_TOP_107 | B109: 点对点协议 | C109: Protocol | D109: 计算机网络 | E109: 第3章 数据链路层 | F109: PPP协议用于点到点链路封装和链路控制，常见于广域网接入。 | G109: PPP, Point-to-Point Protocol | H109: 3 | I109: 4 | J109: 王道2027计网，点对点协议，教材p114（PDF页125） | K109: 点对点协议 | L109: 114 | M109: 教材在“点对点协议”中出现或讲解“点对点协议”；本节点概括为：PPP协议用于点到点链路封装和链路控制，常见于广域网接入。
A110: CN_TOP_108 | B110: 数据链路层设备 | C110: Topic | D110: 计算机网络 | E110: 第3章 数据链路层 | F110: 说明数据链路层设备的工作层次、组成结构和转发/连接功能。 | H110: 3 | I110: 5 | J110: 王道2027计网，数据链路层设备，教材p117（PDF页128） | K110: 数据链路层设备 | L110: 117 | M110: 教材在“数据链路层设备”中出现或讲解“数据链路层设备”；本节点概括为：说明数据链路层设备的工作层次、组成结构和转发/连接功能。
A111: CN_TOP_109 | B111: 网桥的基本概念 | C111: ComputingObject | D111: 计算机网络 | E111: 第3章 数据链路层 | F111: 梳理网桥的基本概念涉及的基础术语、组成对象和相互关系。 | H111: 2 | I111: 4 | J111: 王道2027计网，网桥的基本概念，教材p117（PDF页128） | K111: 网桥的基本概念 | L111: 117 | M111: 教材在“网桥的基本概念”中出现或讲解“网桥的基本概念”；本节点概括为：梳理网桥的基本概念涉及的基础术语、组成对象和相互关系。
A112: CN_TOP_110 | B112: 以太网交换机 | C112: Mechanism | D112: 计算机网络 | E112: 第3章 数据链路层 | F112: 工作在数据链路层，依据MAC地址表转发帧，隔离冲突域。 | H112: 4 | I112: 5 | J112: 王道2027计网，以太网交换机，教材p118（PDF页129） | K112: 以太网交换机 | L112: 118 | M112: 教材在“以太网交换机”中出现或讲解“以太网交换机”；本节点概括为：工作在数据链路层，依据MAC地址表转发帧，隔离冲突域。
A113: CN_TOP_111 | B113: 交换机的原理和特点 | C113: Mechanism | D113: 计算机网络 | E113: 第3章 数据链路层 | F113: 说明交换机的原理和特点的工作层次、组成结构和转发/连接功能。 | H113: 2 | I113: 4 | J113: 王道2027计网，交换机的原理和特点，教材p118（PDF页129） | K113: 交换机的原理和特点 | L113: 118 | M113: 教材在“交换机的原理和特点”中出现或讲解“交换机的原理和特点”；本节点概括为：说明交换机的原理和特点的工作层次、组成结构和转发/连接功能。
A114: CN_TOP_112 | B114: 交换机的自学习功能 | C114: Mechanism | D114: 计算机网络 | E114: 第3章 数据链路层 | F114: 说明交换机的自学习功能在网络体系结构中的职责、作用和提供的服务。 | H114: 2 | I114: 4 | J114: 王道2027计网，交换机的自学习功能，教材p118（PDF页129） | K114: 交换机的自学习功能 | L114: 118 | M114: 教材在“交换机的自学习功能”中出现或讲解“交换机的自学习功能”；本节点概括为：说明交换机的自学习功能在网络体系结构中的职责、作用和提供的服务。
A115: CN_TOP_113 | B115: 共享式以太网 | C115: Concept | D115: 计算机网络 | E115: 第3章 数据链路层 | F115: 属于“数据链路层设备”下的核心知识点，用于理解第3章 数据链路层中的相关原理和考点。 | H115: 4 | I115: 5 | J115: 王道2027计网，共享式以太网，教材p120（PDF页131） | K115: 共享式以太网 | L115: 120 | M115: 教材在“共享式以太网”中出现或讲解“共享式以太网”；本节点概括为：属于“数据链路层设备”下的核心知识点，用于理解第3章 数据链路层中的相关原理和考点。
A116: CN_TOP_114 | B116: 共享式以太网的基本特点 | C116: Property | D116: 计算机网络 | E116: 第3章 数据链路层 | F116: 概括共享式以太网的基本特点的主要性质、优势、限制和适用条件。 | H116: 4 | I116: 5 | J116: 王道2027计网，共享式以太网的基本特点，教材p120（PDF页131） | K116: 共享式以太网的基本特点 | L116: 120 | M116: 教材在“共享式以太网的基本特点”中出现或讲解“共享式以太网的基本特点”；本节点概括为：概括共享式以太网的基本特点的主要性质、优势、限制和适用条件。
A117: CN_TOP_115 | B117: 第4章 网络层 | C117: Topic | D117: 计算机网络 | E117: 第4章 网络层 | F117: 研究异构网络互连、IP地址与分组转发、路由选择协议、多播、移动IP和路由器。 | H117: 3 | I117: 5 | J117: 王道2027计网，第4章 网络层，教材p127（PDF页138） | K117: 第4章 网络层 | L117: 127 | M117: 教材在“第4章 网络层”中出现或讲解“第4章 网络层”；本节点概括为：研究异构网络互连、IP地址与分组转发、路由选择协议、多播、移动IP和路由器。
A118: CN_TOP_116 | B118: 网络层的功能 | C118: Topic | D118: 计算机网络 | E118: 第4章 网络层 | F118: 为主机间跨网络通信提供异构网络互连、路由与转发、拥塞控制等功能。 | H118: 2 | I118: 5 | J118: 王道2027计网，网络层的功能，教材p127（PDF页138） | K118: 网络层的功能 | L118: 127 | M118: 教材在“网络层的功能”中出现或讲解“网络层的功能”；本节点概括为：为主机间跨网络通信提供异构网络互连、路由与转发、拥塞控制等功能。
A119: CN_TOP_117 | B119: 异构网络互连 | C119: Concept | D119: 计算机网络 | E119: 第4章 网络层 | F119: 属于“网络层的功能”下的核心知识点，用于理解第4章 网络层中的相关原理和考点。 | H119: 3 | I119: 4 | J119: 王道2027计网，异构网络互连，教材p128（PDF页139） | K119: 异构网络互连 | L119: 128 | M119: 教材在“异构网络互连”中出现或讲解“异构网络互连”；本节点概括为：属于“网络层的功能”下的核心知识点，用于理解第4章 网络层中的相关原理和考点。
A120: CN_TOP_118 | B120: 路由与转发 | C120: Mechanism | D120: 计算机网络 | E120: 第4章 网络层 | F120: 路由决定分组的路径，转发依据转发表把分组送往下一跳。 | H120: 4 | I120: 5 | J120: 王道2027计网，路由与转发，教材p128（PDF页139） | K120: 路由与转发 | L120: 128 | M120: 教材在“路由与转发”中出现或讲解“路由与转发”；本节点概括为：路由决定分组的路径，转发依据转发表把分组送往下一跳。
A121: CN_TOP_119 | B121: 网络层提供的两种服务 | C121: Concept | D121: 计算机网络 | E121: 第4章 网络层 | F121: 属于“网络层的功能”下的核心知识点，用于理解第4章 网络层中的相关原理和考点。 | H121: 3 | I121: 5 | J121: 王道2027计网，网络层提供的两种服务，教材p129（PDF页140） | K121: 网络层提供的两种服务 | L121: 129 | M121: 教材在“网络层提供的两种服务”中出现或讲解“网络层提供的两种服务”；本节点概括为：属于“网络层的功能”下的核心知识点，用于理解第4章 网络层中的相关原理和考点。
... A125: CN_TOP_123 | B125: 拥塞控制 | C125: Mechanism | D125: 计算机网络 | E125: 第4章 网络层 | F125: 用于协调拥塞控制中的访问、差错、流量或拥塞问题。 | H125: 4 | I125: 4 | J125: 王道2027计网，拥塞控制，教材p132（PDF页143） | K125: 拥塞控制 | L125: 132 | M125: 教材在“拥塞控制”中出现或讲解“拥塞控制”；本节点概括为：用于协调拥塞控制中的访问、差错、流量或拥塞问题。
A126: CN_TOP_124 | B126: IPv4 | C126: Topic | D126: 计算机网络 | E126: 第4章 网络层 | F126: 互联网协议第4版，定义IP数据报格式、地址编址和网络层分组转发基础。 | G126: Internet Protocol version 4, IP | H126: 4 | I126: 5 | J126: 王道2027计网，IPv4，教材p137（PDF页148） | K126: IPv4 | L126: 137 | M126: 教材在“IPv4”中出现或讲解“IPv4”；本节点概括为：互联网协议第4版，定义IP数据报格式、地址编址和网络层分组转发基础。
A127: CN_TOP_125 | B127: IPv4分组 | C127: DataStructure | D127: 计算机网络 | E127: 第4章 网络层 | F127: IPv4在网络层传输的数据单元，由首部和数据部分组成。 | G127: IP数据报, IPv4数据报 | H127: 4 | I127: 5 | J127: 王道2027计网，IPv4分组，教材p137（PDF页148） | K127: IPv4分组 | L127: 137 | M127: 教材在“IPv4分组”中出现或讲解“IPv4分组”；本节点概括为：IPv4在网络层传输的数据单元，由首部和数据部分组成。
A128: CN_TOP_126 | B128: IPv4分组的格式 | C128: DataStructure | D128: 计算机网络 | E128: 第4章 网络层 | F128: 描述IPv4分组的格式的数据组织方式、字段含义或标识作用。 | H128: 4 | I128: 5 | J128: 王道2027计网，IPv4分组的格式，教材p137（PDF页148） | K128: IPv4分组的格式 | L128: 137 | M128: 教材在“IPv4分组的格式”中出现或讲解“IPv4分组的格式”；本节点概括为：描述IPv4分组的格式的数据组织方式、字段含义或标识作用。
A129: CN_TOP_127 | B129: IP数据报分片 | C129: DataStructure | D129: 计算机网络 | E129: 第4章 网络层 | F129: 当数据报长度超过链路MTU时，将其拆分为多个片段传输并在目的端重组。 | H129: 3 | I129: 4 | J129: 王道2027计网，IP数据报分片，教材p138（PDF页149） | K129: IP数据报分片 | L129: 138 | M129: 教材在“IP数据报分片”中出现或讲解“IP数据报分片”；本节点概括为：当数据报长度超过链路MTU时，将其拆分为多个片段传输并在目的端重组。
A130: CN_TOP_128 | B130: IPv4地址 | C130: DataStructure | D130: 计算机网络 | E130: 第4章 网络层 | F130: 32位网络层地址，用于标识互联网中的主机或路由器接口。 | G130: IP地址 | H130: 4 | I130: 5 | J130: 王道2027计网，IPv4地址，教材p139（PDF页150） | K130: IPv4地址 | L130: 139 | M130: 教材在“IPv4地址”中出现或讲解“IPv4地址”；本节点概括为：32位网络层地址，用于标识互联网中的主机或路由器接口。
A131: CN_TOP_129 | B131: IPv4地址：IPv4地址 | C131: DataStructure | D131: 计算机网络 | E131: 第4章 网络层 | F131: 描述IPv4地址：IPv4地址的数据组织方式、字段含义或标识作用。 | H131: 4 | I131: 5 | J131: 王道2027计网，IPv4地址：IPv4地址，教材p139（PDF页150） | K131: IPv4地址：IPv4地址 | L131: 139 | M131: 教材在“IPv4地址：IPv4地址”中出现或讲解“IPv4地址：IPv4地址”；本节点概括为：描述IPv4地址：IPv4地址的数据组织方式、字段含义或标识作用。
A132: CN_TOP_130 | B132: 分类的IP地址 | C132: DataStructure | D132: 计算机网络 | E132: 第4章 网络层 | F132: 按A、B、C、D、E类划分IPv4地址空间的传统编址方式。 | H132: 2 | I132: 4 | J132: 王道2027计网，分类的IP地址，教材p139（PDF页150） | K132: 分类的IP地址 | L132: 139 | M132: 教材在“分类的IP地址”中出现或讲解“分类的IP地址”；本节点概括为：按A、B、C、D、E类划分IPv4地址空间的传统编址方式。
A133: CN_TOP_131 | B133: 划分子网 | C133: Mechanism | D133: 计算机网络 | E133: 第4章 网络层 | F133: 利用子网掩码把主机号进一步划分为子网号和主机号，提高地址利用率与管理性。 | H133: 5 | I133: 4 | J133: 王道2027计网，划分子网，教材p141（PDF页152） | K133: 划分子网 | L133: 141 | M133: 教材在“划分子网”中出现或讲解“划分子网”；本节点概括为：利用子网掩码把主机号进一步划分为子网号和主机号，提高地址利用率与管理性。
A134: CN_TOP_132 | B134: 无分类编址CIDR | C134: Concept | D134: 计算机网络 | E134: 第4章 网络层 | F134: 用网络前缀长度替代固定分类边界，实现灵活地址分配和路由聚合。 | G134: CIDR, 无类域间路由 | H134: 5 | I134: 4 | J134: 王道2027计网，无分类编址CIDR，教材p142（PDF页153） | K134: 无分类编址CIDR | L134: 142 | M134: 教材在“无分类编址CIDR”中出现或讲解“无分类编址CIDR”；本节点概括为：用网络前缀长度替代固定分类边界，实现灵活地址分配和路由聚合。
A135: CN_TOP_133 | B135: 路由聚合 | C135: Mechanism | D135: 计算机网络 | E135: 第4章 网络层 | F135: 把多个连续网络前缀合并为较短前缀，减少路由表规模。 | H135: 4 | I135: 5 | J135: 王道2027计网，路由聚合，教材p143（PDF页154） | K135: 路由聚合 | L135: 143 | M135: 教材在“路由聚合”中出现或讲解“路由聚合”；本节点概括为：把多个连续网络前缀合并为较短前缀，减少路由表规模。
...

Sheet 关系表_v0.2
A1: edge_id | B1: head | C1: head_name | D1: relation_type | E1: tail | F1: tail_name | G1: reason | H1: source | I1: confidence | J1: source_section | K1: book_page | L1: evidence_text
A2: CN_E_0001 | B2: CN_CRS_001 | C2: 计算机网络 | D2: CONTAINS | E2: CN_TOP_001 | F2: 第1章 计算机网络体系结构 | G2: 课程由各章节构成。 | H2: 王道2027计网，第1章 计算机网络体系结构，教材p1（PDF页12） | I2: 1.0 | J2: 第1章 计算机网络体系结构 | K2: 1 | L2: “计算机网络”与“第1章 计算机网络体系结构”之间建立“CONTAINS”关系。依据：课程由各章节构成。
A3: CN_E_0002 | B3: CN_TOP_001 | C3: 第1章 计算机网络体系结构 | D3: BELONGS_TO_COURSE | E3: CN_CRS_001 | F3: 计算机网络 | G3: 章节属于本课程。 | H3: 王道2027计网，内容简介，PDF页2 | I3: 1.0 | J3: 内容简介 | K3: 2 | L3: “第1章 计算机网络体系结构”与“计算机网络”之间建立“BELONGS_TO_COURSE”关系。依据：章节属于本课程。
A4: CN_E_0003 | B4: CN_CRS_001 | C4: 计算机网络 | D4: CONTAINS | E4: CN_TOP_032 | F4: 第2章 物理层 | G4: 课程由各章节构成。 | H4: 王道2027计网，第2章 物理层，教材p30（PDF页41） | I4: 1.0 | J4: 第2章 物理层 | K4: 30 | L4: “计算机网络”与“第2章 物理层”之间建立“CONTAINS”关系。依据：课程由各章节构成。
A5: CN_E_0004 | B5: CN_TOP_032 | C5: 第2章 物理层 | D5: BELONGS_TO_COURSE | E5: CN_CRS_001 | F5: 计算机网络 | G5: 章节属于本课程。 | H5: 王道2027计网，内容简介，PDF页2 | I5: 1.0 | J5: 内容简介 | K5: 2 | L5: “第2章 物理层”与“计算机网络”之间建立“BELONGS_TO_COURSE”关系。依据：章节属于本课程。
A6: CN_E_0005 | B6: CN_CRS_001 | C6: 计算机网络 | D6: CONTAINS | E6: CN_TOP_056 | F6: 第3章 数据链路层 | G6: 课程由各章节构成。 | H6: 王道2027计网，第3章 数据链路层，教材p50（PDF页61） | I6: 1.0 | J6: 第3章 数据链路层 | K6: 50 | L6: “计算机网络”与“第3章 数据链路层”之间建立“CONTAINS”关系。依据：课程由各章节构成。
A7: CN_E_0006 | B7: CN_TOP_056 | C7: 第3章 数据链路层 | D7: BELONGS_TO_COURSE | E7: CN_CRS_001 | F7: 计算机网络 | G7: 章节属于本课程。 | H7: 王道2027计网，内容简介，PDF页2 | I7: 1.0 | J7: 内容简介 | K7: 2 | L7: “第3章 数据链路层”与“计算机网络”之间建立“BELONGS_TO_COURSE”关系。依据：章节属于本课程。
A8: CN_E_0007 | B8: CN_CRS_001 | C8: 计算机网络 | D8: CONTAINS | E8: CN_TOP_115 | F8: 第4章 网络层 | G8: 课程由各章节构成。 | H8: 王道2027计网，第4章 网络层，教材p127（PDF页138） | I8: 1.0 | J8: 第4章 网络层 | K8: 127 | L8: “计算机网络”与“第4章 网络层”之间建立“CONTAINS”关系。依据：课程由各章节构成。
A9: CN_E_0008 | B9: CN_TOP_115 | C9: 第4章 网络层 | D9: BELONGS_TO_COURSE | E9: CN_CRS_001 | F9: 计算机网络 | G9: 章节属于本课程。 | H9: 王道2027计网，内容简介，PDF页2 | I9: 1.0 | J9: 内容简介 | K9: 2 | L9: “第4章 网络层”与“计算机网络”之间建立“BELONGS_TO_COURSE”关系。依据：章节属于本课程。
A10: CN_E_0009 | B10: CN_CRS_001 | C10: 计算机网络 | D10: CONTAINS | E10: CN_TOP_183 | F10: 第5章 传输层 | G10: 课程由各章节构成。 | H10: 王道2027计网，第5章 传输层，教材p224（PDF页235） | I10: 1.0 | J10: 第5章 传输层 | K10: 224 | L10: “计算机网络”与“第5章 传输层”之间建立“CONTAINS”关系。依据：课程由各章节构成。
A11: CN_E_0010 | B11: CN_TOP_183 | C11: 第5章 传输层 | D11: BELONGS_TO_COURSE | E11: CN_CRS_001 | F11: 计算机网络 | G11: 章节属于本课程。 | H11: 王道2027计网，内容简介，PDF页2 | I11: 1.0 | J11: 内容简介 | K11: 2 | L11: “第5章 传输层”与“计算机网络”之间建立“BELONGS_TO_COURSE”关系。依据：章节属于本课程。
A12: CN_E_0011 | B12: CN_CRS_001 | C12: 计算机网络 | D12: CONTAINS | E12: CN_TOP_214 | F12: 第6章 应用层 | G12: 课程由各章节构成。 | H12: 王道2027计网，第6章 应用层，教材p267（PDF页278） | I12: 1.0 | J12: 第6章 应用层 | K12: 267 | L12: “计算机网络”与“第6章 应用层”之间建立“CONTAINS”关系。依据：课程由各章节构成。
... A954: CN_E_0953 | B954: CN_TOP_244 | C954: HTTP的报文结构 | D954: ILLUSTRATED_BY | E954: CN_TOP_246 | F954: HTTP请求报文举例 | G954: 请求报文例子用于说明HTTP报文结构字段。 | H954: 王道2027计网，HTTP的报文结构，教材p292（PDF页303） | I954: 0.9 | J954: HTTP的报文结构 | K954: 292 | L954: “HTTP的报文结构”与“HTTP请求报文举例”之间建立“ILLUSTRATED_BY”关系。依据：请求报文例子用于说明HTTP报文结构字段。

Sheet 实体类型
A1: entity_type | B1: 中文名 | C1: 含义 | D1: 示例
A2: Course | B2: 课程 | C2: 一门完整课程 | D2: 计算机网络
A3: Topic | B3: 章节/主题 | C3: 课程中的章节或知识模块 | D3: 计算机网络体系结构、数据链路层、网络层
A4: Concept | B4: 概念 | C4: 普通知识概念 | D4: 协议、服务、接口、虚电路、数据报
A5: ComputingObject | B5: 计算对象/系统对象 | C5: 课程中被操作、管理或传输的对象 | D5: 路由器、交换机、主机、域名服务器
A6: DataStructure | B6: 数据结构 | C6: 组织数据或标识对象的结构 | D6: IP数据报、MAC帧、路由表、端口号
A7: Algorithm | B7: 算法/策略 | C7: 有明确步骤的算法或策略 | D7: 距离-向量算法、链路状态算法、慢开始
A8: Mechanism | B8: 机制/原理 | C8: 系统运行机制或工作原理 | D8: 分组交换、NAT、ARP、滑动窗口
A9: Protocol | B9: 协议 | C9: 通信或协作规则 | D9: IP、TCP、UDP、DNS、HTTP、SMTP
A10: Model | B10: 模型 | C10: 抽象模型或理论模型 | D10: OSI参考模型、TCP/IP模型、客户/服务器模型
A11: Operation | B11: 操作 | C11: 对对象执行的动作 | D11: 分片、转发、确认、重传
A12: SyntaxElement | B12: 语法/语句 | C12: 报文或协议中的语法元素 | D12: HTTP请求行、首部字段
... A17: Example | B17: 例题/案例 | C17: 具体题目、案例或实验 | D17: HTTP请求报文举例、子网划分应用举例

Sheet 关系类型
A1: relation_type | B1: 中文名 | C1: 方向规则 | D1: 示例
A2: BELONGS_TO_COURSE | B2: 属于课程 | C2: 知识点 → 课程 | D2: TCP → 计算机网络
A3: BELONGS_TO_TOPIC | B3: 属于主题/章节 | C3: 知识点 → 章节 | D3: IPv4地址 → 网络层
A4: CONTAINS | B4: 包含 | C4: 大概念 → 小概念 | D4: IPv4 → IPv4地址
A5: IS_A | B5: 是一种 | C5: 子类 → 父类 | D5: UDP → 无连接服务
A6: PREREQUISITE_OF | B6: 前置知识 | C6: 先学的 → 后学的 | D6: 数据链路层 → 网络层
A7: HAS_PROPERTY | B7: 具有性质 | C7: 对象 → 性质 | D7: HTTP → 无状态
A8: HAS_OPERATION | B8: 具有操作 | C8: 对象 → 操作 | D8: TCP → TCP连接建立
A9: IMPLEMENTED_BY | B9: 实现方式 | C9: 抽象概念 → 实现方式 | D9: 可靠传输机制 → GBN
A10: USES | B10: 使用 | C10: A → B | D10: HTTP → TCP
A11: APPLIED_IN | B11: 应用于 | C11: 知识点 → 应用场景 | D11: CSMA/CD → 以太网
A12: SOLVES | B12: 解决 | C12: 方法/算法 → 问题 | D12: NAT → IPv4地址不足
... A19: ILLUSTRATED_BY | B19: 举例说明 | C19: 知识点 → 案例 | D19: HTTP报文结构 → HTTP请求报文举例

Sheet 修改说明
A1: 项目 | B1: 说明 | C1: 是否完成 | D1: 备注
A2: 修正日期 | B2: 2026-06-19 | C2: 是 | D2: 按质量检查报告修正
A3: 课程 | B3: 计算机网络 | C3: 是 | D3: ID 前缀：CN_
A4: 保留类型体系 | B4: 实体类型表、关系类型表未新增、未删除、未改名 | C4: 是 | D4: 只修正节点表/关系表中的数据错误
A5: 修改项 | B5: 补全课程节点 `计算机网络` 的 course 字段为 `计算机网络`。 | C5: 是
A6: 修改项 | B6: 为节点 ID 和关系 ID 增加课程前缀 `CN_`，并同步更新关系表中的 head/tail 引用，避免五门课合并时 ID 冲突。 | C6: 是
A7: 验证项 | B7: node_id/edge_id 已加课程前缀，关系表 head/tail 已同步 | C7: 是 | D7: 用于五门课合并
